timestamp,gesture,confidence,emotion,speech_text
2026-02-23 02:38:27,Please,0.84,Neutral,Please
2026-02-23 02:38:31,Hello,0.93,Neutral,Hello! Nice to see you.
2026-02-23 02:38:34,Hello,0.93,Neutral,Hello! Nice to see you.
2026-02-23 02:38:39,Sorry,0.85,Neutral,"It's okay, no problem."
2026-02-23 02:38:43,Thank You,0.95,Neutral,You're welcome!
2026-02-23 02:38:50,Thank You,0.97,Neutral,You're welcome!
2026-02-23 02:38:52,Thank You,0.91,Neutral,You're welcome!
2026-02-23 02:38:55,Sorry,0.88,Neutral,"It's okay, no problem."
2026-02-23 02:38:58,Sorry,0.81,Neutral,"It's okay, no problem."
2026-02-23 02:39:04,Thank You,0.97,Neutral,You're welcome!
2026-02-23 02:39:07,Good Morning,0.96,Neutral,Good Morning! Have a productive day.
2026-02-23 02:39:10,Good Night,0.93,Neutral,Good Night
2026-02-23 02:55:55,Unknown,0.0,Neutral,Unknown
2026-02-23 02:55:57,Unknown,0.0,Neutral,Unknown
2026-02-23 02:55:59,Unknown,0.0,Neutral,Unknown
2026-02-23 02:56:00,Unknown,0.0,Neutral,Unknown
2026-02-23 02:56:01,Unknown,0.0,Neutral,Unknown
2026-02-23 02:56:03,Unknown,0.0,Neutral,Unknown
2026-02-23 02:56:04,Unknown,0.0,Neutral,Unknown
2026-02-23 02:56:06,Unknown,0.0,Neutral,Unknown
2026-02-23 02:56:07,Unknown,0.0,Neutral,Unknown
2026-02-23 02:56:09,Unknown,0.0,Neutral,Unknown
2026-02-23 02:56:10,Unknown,0.0,Neutral,Unknown
2026-02-23 02:56:12,Unknown,0.0,Neutral,Unknown
2026-02-23 02:56:13,Unknown,0.0,Neutral,Unknown
2026-02-23 02:56:15,Unknown,0.0,Neutral,Unknown
2026-02-23 02:56:17,Hello,0.97,Neutral,Hello! Nice to see you.
2026-02-23 02:56:20,Unknown,0.0,Neutral,Unknown
2026-02-23 02:56:21,Unknown,0.0,Neutral,Unknown
2026-02-23 02:56:28,Unknown,0.0,Neutral,Unknown
2026-02-23 02:56:30,Unknown,0.0,Neutral,Unknown
2026-02-23 02:56:32,Unknown,0.0,Neutral,Unknown
2026-02-23 02:56:33,Unknown,0.0,Neutral,Unknown
2026-02-23 02:56:35,Unknown,0.0,Neutral,Unknown
2026-02-23 02:56:36,Unknown,0.0,Neutral,Unknown
2026-02-23 02:56:37,Unknown,0.0,Neutral,Unknown
2026-02-23 02:56:39,Unknown,0.0,Neutral,Unknown
2026-02-23 02:56:40,Unknown,0.0,Neutral,Unknown
2026-02-23 02:56:42,Unknown,0.0,Neutral,Unknown
2026-02-23 02:56:43,Unknown,0.0,Neutral,Unknown
2026-02-23 02:56:45,Unknown,0.0,Neutral,Unknown
2026-02-23 02:56:46,Unknown,0.0,Neutral,Unknown
2026-02-23 02:56:48,Unknown,0.0,Neutral,Unknown
2026-02-23 03:05:04,Hello,0.95,Neutral,Hello! Nice to see you.
2026-02-23 03:05:08,Hello,0.95,Neutral,Hello! Nice to see you.
2026-02-23 03:05:11,Thank You,0.96,Neutral,You're welcome!
2026-02-23 03:05:15,Welcome,0.83,Neutral,Welcome
2026-02-23 03:05:20,I Love You,0.89,Neutral,"Aww, that's sweet!"
2026-02-23 03:05:42,Yes,0.89,Neutral,Yes
2026-02-23 03:05:44,Yes,0.93,Neutral,Yes
2026-02-23 03:05:46,Yes,0.87,Neutral,Yes
2026-02-23 03:14:17,Hello,0.92,Neutral,Hello! Nice to see you.
2026-02-23 03:33:20,Hello,0.95,Neutral,Hello! Nice to see you.
2026-02-23 03:33:24,Hello,0.95,Neutral,Hello! Nice to see you.
2026-02-23 03:33:27,Hello,0.93,Neutral,Hello! Nice to see you.
2026-02-23 03:33:30,Good Morning,0.86,Neutral,Good Morning! Have a productive day.
2026-02-23 03:33:33,Good Morning,0.91,Neutral,Good Morning! Have a productive day.
2026-02-23 03:33:37,Thank You,0.96,Neutral,You're welcome!
2026-02-23 03:33:39,Thank You,0.96,Neutral,You're welcome!
2026-02-23 04:38:44,Hello,0.93,Neutral,Hello! Nice to see you.
2026-02-23 04:38:48,Hello,0.93,Neutral,Hello! Nice to see you.
2026-02-23 04:38:50,Hello,0.81,Neutral,Hello! Nice to see you.
2026-02-23 04:38:54,Hello,0.96,Neutral,Hello! Nice to see you.
2026-02-23 04:38:57,Hello,0.96,Neutral,Hello! Nice to see you.
2026-02-23 04:39:02,Thank You,0.95,Neutral,You're welcome!
2026-02-23 04:39:04,Thank You,0.89,Neutral,You're welcome!
2026-02-23 04:39:06,Thank You,0.89,Neutral,You're welcome!
2026-02-23 04:39:08,Thank You,0.92,Neutral,You're welcome!
2026-02-23 04:39:10,Thank You,0.9,Neutral,You're welcome!
2026-02-23 04:39:15,Good Morning,0.92,Neutral,Good Morning! Have a productive day.
2026-02-23 04:39:21,Yes,0.82,Neutral,Yes
2026-02-23 04:39:23,Yes,0.91,Neutral,Yes
2026-02-23 04:39:24,Yes,0.9,Neutral,Yes
2026-02-23 04:39:28,No,0.9,Neutral,No
2026-02-23 04:39:30,No,0.91,Neutral,No
2026-02-23 04:39:31,No,0.92,Neutral,No
2026-02-23 04:39:36,Please,0.9,Neutral,Please
2026-02-23 04:39:37,Please,0.92,Neutral,Please
2026-02-23 04:39:41,Sorry,0.85,Neutral,"It's okay, no problem."
2026-02-23 04:41:52,Hello,0.96,Neutral,Hello! Nice to see you.
2026-02-23 04:41:57,Good Morning,0.96,Neutral,Good Morning! Have a productive day.
2026-02-23 04:42:03,Thank You,0.95,Neutral,You're welcome!
2026-02-23 04:42:05,Thank You,0.94,Neutral,You're welcome!
2026-02-23 04:42:06,Thank You,0.94,Neutral,You're welcome!
2026-02-23 04:42:08,Thank You,0.95,Neutral,You're welcome!
2026-02-23 04:42:10,Thank You,0.95,Neutral,You're welcome!
2026-02-23 04:42:12,Thank You,0.94,Neutral,You're welcome!
2026-02-23 04:42:14,Thank You,0.94,Neutral,You're welcome!
2026-02-23 04:42:15,Thank You,0.93,Neutral,You're welcome!
2026-02-23 04:42:17,Thank You,0.94,Neutral,You're welcome!
2026-02-23 04:42:21,I Love You,0.94,Neutral,"Aww, that's sweet!"
2026-02-23 04:42:23,I Love You,0.95,Neutral,"Aww, that's sweet!"
2026-02-23 04:42:27,Yes,0.83,Neutral,Yes
2026-02-23 04:42:31,No,0.9,Neutral,No
2026-02-23 04:42:32,No,0.91,Neutral,No
2026-02-23 04:42:37,Sorry,0.85,Neutral,"It's okay, no problem."
2026-02-23 04:42:43,Please,0.83,Neutral,Please
2026-02-23 04:42:44,Please,0.93,Neutral,Please
2026-02-23 04:48:05,Hello,0.96,Neutral,Hello! Nice to see you.
2026-02-23 04:48:09,Good Morning,0.95,Neutral,Good Morning! Have a productive day.
2026-02-23 04:48:16,I Love You,0.88,Neutral,"Aww, that's sweet!"
2026-02-23 04:48:19,I Love You,0.93,Neutral,"Aww, that's sweet!"
2026-02-23 04:48:22,Thank You,0.93,Neutral,You're welcome!
2026-02-23 04:48:24,Thank You,0.94,Neutral,You're welcome!
2026-02-23 04:48:27,Yes,0.73,Neutral,Yes
2026-02-23 04:49:55,Hello,0.9,Neutral,Hello! Nice to see you.
2026-02-23 04:50:00,Good Morning,0.96,Neutral,Good Morning! Have a productive day.
2026-02-23 04:50:05,I Love You,0.84,Neutral,"Aww, that's sweet!"
2026-02-23 04:50:08,I Love You,0.91,Neutral,"Aww, that's sweet!"
2026-02-23 04:50:12,Please,0.84,Neutral,Please
2026-02-23 04:50:16,Sorry,0.57,Neutral,"It's okay, no problem."
2026-02-23 04:51:30,Hello,0.88,Neutral,Hello! Nice to see you.
2026-02-23 04:51:35,I Love You,0.73,Neutral,"Aww, that's sweet!"
2026-02-23 04:51:38,I Love You,0.85,Neutral,"Aww, that's sweet!"
2026-02-23 04:51:41,Thank You,0.84,Neutral,You're welcome!
2026-02-23 04:51:43,Thank You,0.94,Neutral,You're welcome!
2026-02-23 04:51:51,Please,0.56,Neutral,Please
2026-02-23 04:51:55,Sorry,0.68,Neutral,"It's okay, no problem."
2026-02-23 04:52:28,Good Morning,0.61,Neutral,Good Morning! Have a productive day.
2026-02-23 04:55:27,Please,0.61,Neutral,Please
2026-02-26 12:01:58,Please,0.61,Neutral,Please
2026-03-25 18:15:03,Please,0.85,Neutral,Please
2026-03-25 18:15:05,Please,0.86,Neutral,Please
2026-03-25 18:15:17,Good Night,0.69,Neutral,Good Night
2026-03-25 18:15:26,Please,0.85,Neutral,Please
2026-03-25 18:15:27,Please,0.86,Neutral,Please
2026-03-25 18:15:32,Hello,0.75,Neutral,Hello! Nice to see you.
2026-03-25 18:15:35,Hello,0.96,Neutral,Hello! Nice to see you.
2026-03-25 18:15:39,Yes,0.66,Neutral,Yes
2026-03-25 18:15:42,Yes,0.72,Neutral,Yes
2026-03-25 18:15:44,Yes,0.81,Neutral,Yes
2026-03-25 18:15:46,Good Night,0.84,Neutral,Good Night
2026-03-25 18:15:49,No,0.72,Neutral,No
2026-03-25 18:15:50,No,0.79,Neutral,No
2026-03-25 18:15:53,Thank You,0.81,Neutral,You're welcome!
2026-03-25 18:15:55,Thank You,0.94,Neutral,You're welcome!
2026-03-25 18:16:05,Please,0.62,Neutral,Please
2026-03-25 18:16:07,Yes,0.74,Neutral,Yes
2026-03-25 18:16:09,Sorry,0.69,Neutral,"It's okay, no problem."
2026-03-25 18:16:13,Sorry,0.79,Neutral,"It's okay, no problem."
2026-03-25 18:16:18,Sorry,0.67,Neutral,"It's okay, no problem."
2026-03-25 18:16:22,Please,0.94,Neutral,Please
2026-03-25 18:16:23,Please,0.94,Neutral,Please
2026-03-25 18:16:29,Good Morning,0.74,Neutral,Good Morning! Have a productive day.
2026-03-25 18:16:33,Good Morning,0.88,Neutral,Good Morning! Have a productive day.
2026-03-25 18:16:37,Good Night,0.92,Neutral,Good Night
2026-03-25 18:16:39,Good Night,0.89,Neutral,Good Night
2026-03-25 18:16:41,Good Night,0.92,Neutral,Good Night
2026-03-25 18:16:43,Good Night,0.9,Neutral,Good Night
2026-03-25 18:16:46,I Love You,0.67,Neutral,"Aww, that's sweet!"
2026-03-25 18:16:48,I Love You,0.89,Neutral,"Aww, that's sweet!"
2026-03-25 18:16:51,I Love You,0.93,Neutral,"Aww, that's sweet!"
2026-03-25 18:17:16,Good Night,0.66,Neutral,Good Night
2026-03-25 18:18:20,Good Night,0.61,Neutral,Good Night
2026-03-25 18:19:08,Good Night,0.68,Neutral,Good Night
2026-03-25 18:19:49,Yes,0.76,Neutral,Yes
2026-03-25 18:19:51,Yes,0.94,Happy,Yes
2026-03-25 18:19:52,Yes,0.94,Happy,Yes
2026-03-25 18:19:54,Yes,0.91,Happy,Yes
2026-03-25 18:19:55,Yes,0.91,Happy,Yes
2026-03-25 18:19:57,Yes,0.91,Happy,Yes
2026-03-25 18:19:58,Yes,0.91,Happy,Yes
2026-03-25 18:20:00,Yes,0.87,Happy,Yes
2026-03-25 18:20:02,Yes,0.83,Happy,Yes
2026-03-25 18:20:18,Yes,0.71,Neutral,Yes
2026-03-25 18:20:25,Yes,0.7,Neutral,Yes
2026-03-25 18:20:27,Yes,0.82,Neutral,Yes
2026-03-25 18:20:28,Thank You,0.91,Neutral,You're welcome!
2026-03-25 18:20:30,Thank You,0.94,Neutral,You're welcome!
2026-03-25 18:20:35,Hello,0.69,Neutral,Hello! Nice to see you.
2026-03-25 18:20:38,Hello,0.84,Neutral,Hello! Nice to see you.
2026-03-25 18:20:43,Hello,0.95,Neutral,Hello! Nice to see you.
2026-03-25 18:20:46,Hello,0.95,Neutral,Hello! Nice to see you.
2026-03-25 18:21:11,Sorry,0.89,Neutral,"It's okay, no problem."
2026-03-25 18:21:15,Sorry,0.75,Neutral,"It's okay, no problem."
2026-03-25 18:21:18,Sorry,0.94,Neutral,"It's okay, no problem."
2026-03-25 18:21:21,Sorry,0.95,Happy,"It's okay, no problem."
2026-03-25 18:21:24,Sorry,0.92,Happy,"It's okay, no problem."
2026-03-25 18:21:28,Sorry,0.94,Happy,"It's okay, no problem."
2026-03-25 23:00:31,Hello,0.97,Neutral,Hello! Nice to see you.
2026-03-25 23:00:35,Hello,0.96,Neutral,Hello! Nice to see you.
2026-03-25 23:00:40,Thank You,0.81,Neutral,You're welcome!
2026-03-25 23:00:43,Yes,0.93,Neutral,Yes
2026-03-25 23:00:45,No,0.87,Neutral,No
2026-03-25 23:00:53,Yes,0.7,Neutral,Yes
2026-03-25 23:00:55,Sorry,0.91,Neutral,"It's okay, no problem."
2026-03-25 23:00:58,Please,0.89,Neutral,Please
2026-03-25 23:01:00,Please,0.92,Neutral,Please
2026-03-25 23:01:04,I Love You,0.85,Neutral,"Aww, that's sweet!"
2026-03-25 23:01:06,I Love You,0.85,Neutral,"Aww, that's sweet!"
2026-03-25 23:01:10,Good Night,0.92,Neutral,Good Night
2026-03-25 23:01:12,Good Morning,0.95,Neutral,Good Morning! Have a productive day.
2026-03-25 23:01:39,Hello,0.71,Neutral,Hello! Nice to see you.
2026-03-25 23:01:45,Welcome,0.83,Neutral,Welcome
2026-03-25 23:01:47,Welcome,0.9,Neutral,Welcome
2026-03-25 23:03:46,Hello,0.97,Neutral,Hello! Nice to see you.
2026-03-25 23:03:49,Hello,0.9,Neutral,Hello! Nice to see you.
2026-03-25 23:03:55,Please,0.63,Neutral,Please
2026-03-25 23:04:02,Yes,0.64,Neutral,Yes
2026-03-25 23:04:05,Yes,0.6,Neutral,Yes
2026-03-25 23:04:12,No,0.6,Neutral,No
2026-03-25 23:04:14,Good Night,0.84,Neutral,Good Night
2026-03-25 23:04:16,I Love You,0.71,Neutral,"Aww, that's sweet!"
2026-03-25 23:04:19,I Love You,0.72,Neutral,"Aww, that's sweet!"
2026-03-25 23:04:21,I Love You,0.91,Neutral,"Aww, that's sweet!"
2026-03-25 23:04:24,I Love You,0.86,Neutral,"Aww, that's sweet!"
2026-03-25 23:04:29,Please,0.7,Neutral,Please
2026-03-25 23:04:31,Please,0.83,Neutral,Please
2026-03-25 23:04:37,Please,0.61,Neutral,Please
2026-03-25 23:04:39,Welcome,0.67,Neutral,Welcome
2026-03-25 23:04:41,Welcome,0.73,Neutral,Welcome
2026-03-26 01:51:10,Thank You,0.92,Neutral,You're welcome!
2026-03-26 01:51:18,Thank You,0.91,Happy,You're welcome!
2026-03-26 01:51:22,Thank You,0.63,Neutral,You're welcome!
2026-03-26 01:51:28,Thank You,0.97,Neutral,You're welcome!
2026-03-26 01:51:32,Hello,0.79,Neutral,Hello! Nice to see you.
2026-03-26 01:51:38,Hello,0.81,Neutral,Hello! Nice to see you.
2026-03-26 01:51:49,Sorry,0.82,Neutral,"It's okay, no problem."
2026-03-26 01:51:52,Sorry,0.95,Neutral,"It's okay, no problem."
2026-03-26 01:51:55,Sorry,0.95,Neutral,"It's okay, no problem."
2026-03-26 01:52:00,Please,0.62,Neutral,Please
2026-03-26 01:52:03,Sorry,0.91,Neutral,"It's okay, no problem."
2026-03-26 01:52:06,Sorry,0.87,Neutral,"It's okay, no problem."
2026-03-26 01:52:14,Please,0.73,Neutral,Please
2026-03-26 02:06:15,I Love You,0.77,Neutral,"Aww, that's sweet!"
2026-03-26 02:06:18,Hello,0.94,Neutral,Hello! Nice to see you.
2026-03-26 02:06:22,Hello,0.97,Neutral,Hello! Nice to see you.
2026-03-26 02:06:30,Thank You,0.89,Neutral,You're welcome!
2026-03-26 02:06:42,Thank You,0.89,Neutral,You're welcome!
2026-03-26 02:06:44,Thank You,0.96,Neutral,You're welcome!
2026-03-26 02:07:07,Hello,0.96,Neutral,Hello! Nice to see you.
2026-03-26 02:07:12,Hello,0.8,Neutral,Hello! Nice to see you.
2026-03-26 02:07:18,Good Morning,0.76,Neutral,Good Morning! Have a productive day.
2026-03-26 02:07:28,Hello,0.9,Neutral,Hello! Nice to see you.
2026-03-26 02:12:32,Good Night,0.61,Neutral,Good Night
2026-03-26 02:34:41,Thank You,0.91,Neutral,You're welcome!
2026-03-26 02:34:43,Thank You,0.94,Neutral,You're welcome!
2026-03-26 02:34:47,Hello,0.95,Neutral,Hello! Nice to see you.
2026-03-26 02:34:52,Thank You,0.84,Neutral,You're welcome!
2026-03-26 02:34:55,I Love You,0.91,Neutral,"Aww, that's sweet!"
2026-03-26 02:34:58,I Love You,0.86,Neutral,"Aww, that's sweet!"
2026-03-26 02:35:02,I Love You,0.71,Neutral,"Aww, that's sweet!"
2026-03-26 02:35:05,Yes,0.91,Neutral,Yes
2026-03-26 02:35:07,Yes,0.95,Neutral,Yes
2026-03-26 02:35:10,No,0.81,Neutral,No
2026-03-26 02:35:11,No,0.94,Neutral,No
2026-03-26 02:35:14,Good Morning,0.76,Neutral,Good Morning! Have a productive day.
2026-03-26 02:35:17,Good Night,0.72,Neutral,Good Night
2026-03-26 02:35:22,Sorry,0.7,Neutral,"It's okay, no problem."
2026-03-26 02:35:26,Please,0.7,Neutral,Please
2026-03-26 02:35:28,Please,0.69,Neutral,Please
2026-03-26 02:35:31,Sorry,0.63,Neutral,"It's okay, no problem."
2026-03-26 02:49:12,Thank You,0.87,Neutral,You're welcome!
2026-03-26 02:49:24,Thank You,0.73,Neutral,You're welcome!
2026-03-26 02:49:31,Good Morning,0.83,Neutral,Good Morning! Have a productive day.
2026-03-26 02:49:35,I Love You,0.8,Neutral,"Aww, that's sweet!"
2026-03-26 02:49:39,Good Morning,0.75,Neutral,Good Morning! Have a productive day.
2026-03-26 02:49:43,Good Night,0.67,Neutral,Good Night
2026-03-26 02:49:47,Please,0.86,Neutral,Please
2026-03-26 02:49:53,Hello,0.95,Neutral,Hello! Nice to see you.
2026-03-26 02:49:55,Hello,0.94,Neutral,Hello! Nice to see you.
2026-03-26 02:49:57,Thank You,0.94,Neutral,You're welcome!
2026-03-26 02:50:01,Good Night,0.62,Neutral,Good Night
2026-03-26 02:50:04,Hello,0.83,Neutral,Hello! Nice to see you.
2026-03-26 02:50:06,Hello,0.94,Neutral,Hello! Nice to see you.
2026-03-26 02:50:10,Sorry,0.62,Neutral,"It's okay, no problem."
2026-03-26 02:50:12,Good Morning,0.87,Neutral,Good Morning! Have a productive day.
2026-03-26 02:50:15,Please,0.9,Neutral,Please
2026-03-26 02:50:17,Please,0.93,Neutral,Please
2026-03-26 02:50:19,Sorry,0.64,Neutral,"It's okay, no problem."
2026-03-26 02:50:21,Sorry,0.82,Neutral,"It's okay, no problem."
2026-03-26 02:50:24,Yes,0.66,Neutral,Yes
2026-03-26 02:50:26,No,0.77,Neutral,No
2026-03-26 02:50:28,No,0.87,Neutral,No
2026-03-26 02:50:29,I Love You,0.93,Neutral,"Aww, that's sweet!"
2026-03-26 02:50:37,Good Night,0.6,Neutral,Good Night
2026-03-26 02:50:45,Good Morning,0.62,Neutral,Good Morning! Have a productive day.
2026-03-26 03:01:10,Good Morning,0.61,Neutral,Good Morning! Have a productive day.
2026-03-26 03:15:27,Hello,0.94,Neutral,Hello! Nice to see you.
2026-03-26 03:16:12,Hello,0.75,Neutral,Hello! Nice to see you.
2026-03-26 03:16:16,Good Morning,0.89,Neutral,Good Morning! Have a productive day.
2026-03-26 03:16:20,Good Morning,0.96,Neutral,Good Morning! Have a productive day.
2026-03-26 03:16:24,Hello,0.95,Neutral,Hello! Nice to see you.
2026-03-26 03:16:29,Hello,0.93,Neutral,Hello! Nice to see you.
2026-03-26 03:16:32,Hello,0.96,Neutral,Hello! Nice to see you.
2026-03-26 03:22:30,Hello,0.97,Sad,Hello! Nice to see you.
2026-03-26 03:22:37,Hello,0.95,Sad,Hello! Nice to see you.
2026-03-26 03:22:45,Hello,0.89,Happy,Hello! Nice to see you.
2026-03-26 03:22:50,Hello,0.93,Happy,Hello! Nice to see you.
2026-03-26 03:23:50,Hello,0.68,Neutral,Hello! Nice to see you.
2026-03-26 03:24:05,Hello,0.82,Sad,Hello! Nice to see you.
2026-03-26 03:24:12,Hello,0.94,Happy,Hello! Nice to see you.
2026-03-26 03:24:22,Yes,0.91,Sad,Yes
2026-03-26 03:24:27,Yes,0.9,Happy,Yes
2026-03-26 03:24:29,Yes,0.84,Happy,Yes
2026-03-26 03:24:37,Good Night,0.66,Happy,Good Night
2026-03-26 03:24:40,No,0.86,Happy,No
2026-03-26 03:24:45,Good Morning,0.87,Happy,Good Morning! Have a productive day.
2026-03-26 03:24:51,Good Night,0.9,Sad,Good Night
2026-03-26 03:24:56,Good Morning,0.68,Sad,Good Morning! Have a productive day.
2026-03-26 16:48:53,Hello,0.71,Sad,Hello... are you feeling okay?
2026-03-26 16:49:01,I Love You,0.68,Happy,I love you ❤️
2026-03-26 16:49:12,Hello,0.86,Happy,Hello 😊 Nice to see you!
2026-03-26 16:51:20,I Love You,0.89,Neutral,I love you.
2026-03-26 16:51:22,I Love You,0.66,Neutral,I love you.
2026-03-26 16:51:24,I Love You,0.69,Sad,I love you... stay strong.
2026-03-26 16:51:36,Good Night,0.66,Sad,Good Night
2026-03-26 16:51:43,Yes,0.79,Sad,Yes
2026-03-26 16:51:48,Yes,0.87,Sad,Yes
2026-03-26 16:51:54,No,0.72,Sad,No
2026-03-26 16:52:06,Please,0.68,Sad,Please
2026-03-26 17:33:16,Hello,0.78,Sad,Hello... are you feeling okay?
2026-03-26 17:33:21,Hello,0.94,Sad,Hello... are you feeling okay?
2026-03-26 17:33:25,Hello,0.92,Sad,Hello... are you feeling okay?
2026-03-26 17:33:44,Good Morning,0.72,Sad,Good morning... take care.
2026-03-26 17:33:48,Good Morning,0.88,Sad,Good morning... take care.
2026-03-26 17:37:52,Hello,0.9,Sad,Hello... are you feeling okay?
2026-03-26 17:38:00,Please,0.76,Sad,Please
2026-03-26 17:38:02,Yes,0.76,Sad,Yes
2026-03-26 17:38:09,Hello,0.68,Happy,Hello 😊 Nice to see you!
2026-03-26 17:38:14,Yes,0.7,Happy,Yes
2026-03-26 17:38:19,I Love You,0.88,Sad,I love you... stay strong.
2026-03-26 17:38:23,I Love You,0.85,Sad,I love you... stay strong.
2026-03-26 17:38:29,I Love You,0.91,Happy,I love you ❤️
2026-03-26 17:38:32,I Love You,0.86,Happy,I love you ❤️
2026-03-26 17:38:36,Good Morning,0.75,Sad,Good morning... take care.
2026-03-26 17:38:45,Good Morning,0.92,Happy,Good morning 😊 have a great day!
2026-03-26 17:38:51,Good Night,0.6,Sad,Good Night
2026-03-26 17:38:53,Good Night,0.74,Sad,Good Night
2026-03-26 17:38:55,Good Night,0.8,Sad,Good Night
2026-03-26 17:38:57,Good Night,0.87,Happy,Good Night
2026-03-26 17:39:00,Good Night,0.83,Sad,Good Night
2026-03-26 17:39:03,Good Night,0.89,Happy,Good Night
2026-03-26 17:39:04,Good Night,0.83,Happy,Good Night
2026-03-26 18:51:25,Hello,0.88,Sad,Hello... are you feeling okay?
2026-03-26 18:51:29,Help,0.88,Happy,I'm here to help 😊
2026-03-26 18:51:32,Help,0.95,Happy,I'm here to help 😊
2026-03-26 18:51:35,Hello,0.92,Happy,Hello 😊 Nice to see you!
2026-03-26 18:51:40,Hello,0.69,Sad,Hello... are you feeling okay?
2026-03-26 18:51:44,Help,0.98,Sad,Let me help you...
2026-03-26 18:51:47,Help,0.96,Sad,Let me help you...
2026-03-26 18:51:49,Help,0.95,Sad,Let me help you...
2026-03-26 18:51:52,Help,0.97,Sad,Let me help you...
2026-03-26 18:51:57,Help,0.97,Happy,I'm here to help 😊
2026-03-26 18:51:59,Help,0.97,Happy,I'm here to help 😊
2026-03-26 18:52:05,I Love You,0.67,Sad,I love you... stay strong.
2026-03-26 18:52:13,Good Morning,0.83,Sad,Good morning... take care.
2026-03-26 18:52:18,Good Morning,0.94,Happy,Good morning 😊 have a great day!
2026-03-26 18:52:21,Good Morning,0.94,Happy,Good morning 😊 have a great day!
2026-03-26 18:52:26,Help,0.69,Sad,Let me help you...
2026-03-26 18:52:29,Help,0.72,Sad,Let me help you...
2026-03-26 18:52:34,Help,0.87,Happy,I'm here to help 😊
2026-03-26 18:52:39,Yes,0.87,Happy,Yes
2026-03-26 18:52:41,Yes,0.82,Happy,Yes
2026-03-26 18:52:43,Yes,0.92,Happy,Yes
2026-03-26 18:52:44,No,0.75,Sad,No
2026-03-26 18:52:46,No,0.9,Sad,No
2026-03-26 18:52:47,No,0.86,Sad,No
2026-03-26 18:52:55,Please,0.73,Sad,Please
2026-03-26 18:52:57,Please,0.88,Sad,Please
2026-03-26 18:52:59,Please,0.86,Sad,Please
2026-03-26 18:53:00,Please,0.71,Happy,Please
2026-03-26 18:53:02,Please,0.67,Happy,Please
2026-03-26 18:53:04,Please,0.67,Happy,Please
2026-03-26 18:53:06,Please,0.83,Happy,Please
2026-03-26 18:53:09,Sorry,0.86,Sad,I'm really sorry...
2026-03-26 18:53:11,Sorry,0.87,Sad,I'm really sorry...
2026-03-26 18:53:14,Sorry,0.93,Happy,Sorry 😊 it's okay!
2026-03-26 19:55:50,Help,0.89,Happy,I'm here to help 😊
2026-03-26 19:55:53,Hello,0.68,Happy,Hello 😊 Nice to see you!
2026-03-26 19:55:56,Hello,0.78,Happy,Hello 😊 Nice to see you!
2026-03-26 19:56:03,Good Night,0.72,Sad,Good Night
2026-03-26 19:56:06,Good Night,0.91,Sad,Good Night
2026-03-26 19:56:09,Good Night,0.86,Sad,Good Night
2026-03-26 19:56:10,Good Night,0.78,Sad,Good Night
2026-03-26 19:56:12,Good Night,0.85,Sad,Good Night
2026-03-26 19:56:14,Good Night,0.85,Happy,Good Night
2026-03-26 19:56:18,Good Night,0.9,Happy,Good Night
2026-03-26 19:56:19,Good Night,0.86,Happy,Good Night
2026-03-26 19:56:23,Thank You,0.82,Sad,Thanks... I appreciate it.
2026-03-26 19:56:27,Thank You,0.74,Sad,Thanks... I appreciate it.
2026-03-26 19:56:42,Good,0.65,Sad,It's okay...
2026-03-26 19:56:44,Good,0.64,Sad,It's okay...
2026-03-26 19:56:47,Good,0.83,Sad,It's okay...
2026-03-26 19:56:49,Good,0.8,Sad,It's okay...
2026-03-26 19:56:53,Bad,0.86,Sad,That's bad...
2026-03-26 19:56:55,Bad,0.79,Sad,That's bad...
2026-03-26 19:56:57,Bad,0.81,Sad,That's bad...
2026-03-26 19:57:00,Bad,0.86,Sad,That's bad...
2026-03-26 19:57:04,Bad,0.85,Happy,Oops 😅 that's not good
2026-03-26 19:57:07,Bad,0.78,Happy,Oops 😅 that's not good
2026-03-26 19:57:15,Please,0.62,Sad,Please
2026-03-26 19:57:19,Help,0.71,Sad,Let me help you...
2026-03-26 19:57:32,Welcome,0.73,Sad,Welcome
2026-03-26 19:57:37,Please,0.81,Sad,Please
2026-03-26 19:57:39,Welcome,0.7,Sad,Welcome
2026-03-26 19:57:49,Help,0.93,Sad,Let me help you...
2026-03-26 19:57:52,Please,0.72,Sad,Please
2026-03-26 19:58:01,Good Night,0.63,Neutral,Good Night
2026-03-26 19:58:03,Help,0.81,Happy,I'm here to help 😊
2026-03-26 19:58:10,Hello,0.94,Sad,Hello... are you feeling okay?
2026-03-26 19:58:13,Hello,0.66,Happy,Hello 😊 Nice to see you!
2026-03-26 19:58:14,Hello,0.75,Neutral,Hello.
2026-03-26 19:58:16,Hello,0.87,Neutral,Hello.
2026-03-26 19:58:21,Thank You,0.87,Happy,Thank you so much 😊
2026-03-26 19:58:23,Thank You,0.96,Neutral,Thank you.
2026-03-26 19:58:27,Welcome,0.87,Neutral,Welcome
2026-03-26 19:58:29,Welcome,0.69,Neutral,Welcome
2026-03-26 19:58:32,Welcome,0.76,Neutral,Welcome
2026-03-26 19:58:34,I Love You,0.92,Sad,I love you... stay strong.
2026-03-26 19:58:38,I Love You,0.91,Sad,I love you... stay strong.
2026-03-26 19:58:41,I Love You,0.76,Sad,I love you... stay strong.
2026-03-26 19:58:47,Good,0.7,Sad,It's okay...
2026-03-26 19:58:49,Good,0.64,Sad,It's okay...
2026-03-26 19:58:52,Bad,0.61,Neutral,Bad.
2026-03-26 19:58:53,Bad,0.62,Neutral,Bad.
2026-03-26 19:58:55,Bad,0.91,Neutral,Bad.
2026-03-26 19:59:00,Fine,0.82,Sad,I'm fine...
2026-03-26 19:59:02,Fine,0.96,Sad,I'm fine...
2026-03-26 19:59:05,Fine,0.9,Sad,I'm fine...
2026-03-26 19:59:14,Good,0.7,Sad,It's okay...
2026-03-26 19:59:16,Stop,0.63,Sad,Please stop...
2026-03-26 19:59:18,Stop,0.75,Sad,Please stop...
2026-03-26 19:59:20,Stop,0.92,Sad,Please stop...
2026-03-26 19:59:21,Stop,0.9,Sad,Please stop...
2026-03-26 19:59:25,Stop,0.88,Sad,Please stop...
2026-03-26 19:59:27,Stop,0.64,Sad,Please stop...
2026-03-26 20:00:15,Good Night,0.63,Sad,Good Night
2026-03-26 20:00:53,Help,0.71,Sad,Let me help you...
2026-03-26 20:00:56,Help,0.95,Sad,Let me help you...
2026-03-26 20:00:59,Help,0.95,Sad,Let me help you...
2026-03-26 20:01:03,Help,0.95,Happy,I'm here to help 😊
2026-03-26 20:01:08,Help,0.96,Happy,I'm here to help 😊
2026-03-26 20:01:15,Help,0.92,Sad,Let me help you...
2026-03-26 20:01:17,Help,0.72,Sad,Let me help you...
2026-03-26 20:01:20,Help,0.97,Happy,I'm here to help 😊
2026-03-26 20:01:23,Help,0.93,Happy,I'm here to help 😊
2026-03-26 20:01:26,Help,0.93,Happy,I'm here to help 😊
2026-03-26 20:01:30,Help,0.93,Happy,I'm here to help 😊
2026-03-26 20:01:33,Help,0.95,Happy,I'm here to help 😊
2026-03-26 20:01:40,Good,0.66,Sad,It's okay...
2026-03-26 20:01:42,Stop,0.83,Sad,Please stop...
2026-03-26 20:01:45,Stop,0.75,Sad,Please stop...
2026-03-26 20:01:47,Stop,0.73,Sad,Please stop...
2026-03-26 20:01:49,Stop,0.77,Sad,Please stop...
2026-03-26 20:01:52,Stop,0.82,Sad,Please stop...
2026-03-26 20:01:54,Stop,0.74,Sad,Please stop...
2026-03-26 20:01:56,Stop,0.82,Sad,Please stop...
2026-03-26 20:01:59,Stop,0.88,Sad,Please stop...
2026-03-26 20:02:17,Good,0.69,Sad,It's okay...
2026-03-26 20:02:19,Good,0.77,Sad,It's okay...
2026-03-26 20:02:22,Good,0.81,Sad,It's okay...
2026-03-26 20:02:24,Good,0.85,Sad,It's okay...
2026-03-26 20:02:26,Good,0.84,Sad,It's okay...
2026-03-26 20:02:28,Good,0.86,Sad,It's okay...
2026-03-26 20:02:30,Good,0.81,Sad,It's okay...
2026-03-26 20:02:33,Good,0.83,Sad,It's okay...
2026-03-26 20:02:37,Bad,0.9,Sad,That's bad...
2026-03-26 20:02:40,Bad,0.67,Sad,That's bad...
2026-03-26 20:02:42,Bad,0.61,Sad,That's bad...
2026-03-26 20:02:44,Bad,0.83,Sad,That's bad...
2026-03-26 20:02:52,Fine,0.95,Sad,I'm fine...
2026-03-26 20:02:55,Fine,0.6,Sad,I'm fine...
2026-03-26 20:03:04,Welcome,0.65,Neutral,Welcome
2026-03-26 20:03:11,Hello,0.97,Sad,Hello... are you feeling okay?
2026-03-26 20:03:14,Hello,0.98,Neutral,Hello.
2026-03-26 20:03:15,Hello,0.98,Neutral,Hello.
2026-03-26 20:03:17,Hello,0.97,Neutral,Hello.
2026-03-26 20:03:19,Hello,0.97,Neutral,Hello.
2026-03-26 20:03:21,Hello,0.97,Neutral,Hello.
2026-03-26 20:03:23,Hello,0.98,Neutral,Hello.
2026-03-26 20:03:33,Help,0.72,Sad,Let me help you...
2026-03-26 20:03:36,Yes,0.75,Sad,Yes
2026-03-26 20:03:37,Yes,0.87,Sad,Yes
2026-03-26 20:03:39,Yes,0.84,Sad,Yes
2026-03-26 20:03:40,Yes,0.91,Sad,Yes
2026-03-26 20:03:43,No,0.91,Sad,No
2026-03-26 20:03:45,No,0.93,Sad,No
2026-03-26 20:03:52,Please,0.85,Sad,Please
2026-03-26 20:03:53,Please,0.92,Sad,Please
2026-03-26 20:03:55,Please,0.93,Sad,Please
2026-03-26 20:03:59,Sorry,0.61,Sad,I'm really sorry...
2026-03-26 20:04:01,Sorry,0.73,Sad,I'm really sorry...
2026-03-26 20:04:04,Sorry,0.91,Sad,I'm really sorry...
2026-03-26 20:04:08,Sorry,0.9,Sad,I'm really sorry...
2026-03-26 20:04:10,Sorry,0.91,Sad,I'm really sorry...
2026-03-26 20:04:13,Please,0.92,Sad,Please
2026-03-26 20:04:14,Please,0.94,Sad,Please
2026-03-26 20:04:16,Sorry,0.81,Sad,I'm really sorry...
2026-03-26 20:04:19,Sorry,0.89,Sad,I'm really sorry...
2026-03-26 20:04:22,Thank You,0.95,Sad,Thanks... I appreciate it.
2026-03-26 20:04:24,Thank You,0.95,Sad,Thanks... I appreciate it.
2026-03-26 20:04:27,Thank You,0.95,Sad,Thanks... I appreciate it.
2026-03-26 20:04:31,Thank You,0.94,Neutral,Thank you.
2026-03-26 20:04:33,Thank You,0.97,Neutral,Thank you.
2026-03-26 20:04:38,Welcome,0.69,Sad,Welcome
2026-03-26 20:04:40,Help,0.92,Sad,Let me help you...
2026-03-26 20:04:43,Welcome,0.89,Sad,Welcome
2026-03-26 20:04:45,Welcome,0.92,Sad,Welcome
2026-03-26 20:04:47,Welcome,0.95,Sad,Welcome
2026-03-26 20:04:49,Welcome,0.95,Sad,Welcome
2026-03-26 20:04:52,Welcome,0.94,Happy,Welcome
2026-03-26 20:04:54,Welcome,0.94,Happy,Welcome
2026-03-26 20:05:02,Help,0.77,Happy,I'm here to help 😊
2026-03-26 20:05:15,I Love You,0.79,Neutral,I love you.
2026-03-26 20:05:19,I Love You,0.9,Sad,I love you... stay strong.
2026-03-26 20:05:22,I Love You,0.89,Sad,I love you... stay strong.
2026-03-26 20:05:53,Good Night,0.83,Neutral,Good Night
2026-03-26 20:05:55,Good Night,0.89,Sad,Good Night
2026-03-26 20:05:58,Good Night,0.87,Sad,Good Night
2026-03-26 20:06:00,Good Night,0.87,Sad,Good Night
2026-03-26 20:06:04,Hello,0.64,Neutral,Hello.
2026-03-26 20:06:08,Hello,0.86,Sad,Hello... are you feeling okay?
2026-03-26 20:06:09,Good Morning,0.72,Sad,Good morning... take care.
2026-03-26 20:06:12,Good Morning,0.69,Sad,Good morning... take care.
2026-03-26 20:06:14,Good Morning,0.81,Sad,Good morning... take care.
2026-03-26 20:06:33,Thank You,0.92,Sad,Thanks... I appreciate it.
2026-03-26 20:06:36,Thank You,0.85,Sad,Thanks... I appreciate it.
2026-03-26 20:06:37,Welcome,0.89,Sad,Welcome
2026-03-26 20:06:44,Help,0.97,Sad,Let me help you...
2026-03-26 20:06:46,Help,0.92,Sad,Let me help you...
2026-03-26 20:06:48,Help,0.95,Sad,Let me help you...
2026-03-26 20:06:50,Help,0.98,Sad,Let me help you...
2026-03-26 20:06:53,Help,0.86,Sad,Let me help you...
2026-03-26 20:06:56,Hello,0.65,Sad,Hello... are you feeling okay?
2026-03-26 20:07:01,Hello,0.88,Sad,Hello... are you feeling okay?
2026-03-26 20:07:04,Hello,0.83,Neutral,Hello.
2026-03-26 20:07:05,Hello,0.84,Neutral,Hello.
2026-03-26 20:07:07,Hello,0.74,Neutral,Hello.
2026-03-26 20:07:18,Good,0.63,Neutral,Good.
2026-03-26 20:07:20,Good,0.7,Neutral,Good.
2026-03-26 20:07:22,Good,0.85,Neutral,Good.
2026-03-26 20:07:24,Hello,0.78,Neutral,Hello.
2026-03-26 20:07:26,Hello,0.76,Neutral,Hello.
2026-03-26 20:07:27,Hello,0.72,Neutral,Hello.
2026-03-26 20:07:30,Hello,0.81,Happy,Hello 😊 Nice to see you!
2026-03-26 20:07:52,Bad,0.88,Sad,That's bad...
2026-03-26 20:07:54,Bad,0.87,Sad,That's bad...
2026-03-26 20:07:59,Good,0.81,Sad,It's okay...
2026-03-26 20:08:02,Good,0.8,Sad,It's okay...
2026-03-26 20:08:10,Stop,0.89,Sad,Please stop...
2026-03-26 20:08:13,Stop,0.9,Sad,Please stop...
2026-03-26 20:08:15,Stop,0.89,Sad,Please stop...
2026-03-26 20:08:17,Stop,0.92,Sad,Please stop...
2026-03-26 20:08:18,Stop,0.81,Sad,Please stop...
2026-03-26 20:08:20,Stop,0.71,Sad,Please stop...
2026-03-26 20:08:22,Stop,0.66,Sad,Please stop...
2026-03-26 20:08:24,Stop,0.61,Sad,Please stop...
2026-03-26 20:08:45,Help,0.94,Happy,I'm here to help 😊
2026-03-26 20:08:48,Help,0.93,Happy,I'm here to help 😊
2026-03-26 20:08:51,Help,0.92,Sad,Let me help you...
2026-03-26 20:27:26,Hello,0.82,Sad,Hello... are you feeling okay?
2026-03-26 20:27:31,Hello,0.97,Sad,Hello... are you feeling okay?
2026-03-26 20:27:35,Hello,0.97,Sad,Hello... are you feeling okay?
2026-03-26 20:27:41,Thank You,0.73,Sad,Thanks... I appreciate it.
2026-03-26 20:27:45,Help,0.85,Sad,Let me help you...
2026-03-26 20:28:50,I Love You,0.67,Sad,I love you... stay strong.
2026-03-26 20:57:57,Help,0.92,Sad,Let me help you...
2026-03-26 20:58:00,Help,0.78,Sad,Let me help you...
2026-03-26 20:58:03,Hello,0.95,Sad,Hello... are you feeling okay?
2026-03-26 20:58:07,Hello,0.97,Sad,Hello... are you feeling okay?
2026-03-26 20:58:11,Hello,0.96,Sad,Hello... are you feeling okay?
2026-03-26 20:58:15,Hello,0.96,Happy,Hello 😊 Nice to see you!
2026-03-26 20:58:19,I Love You,0.81,Sad,I love you... stay strong.
2026-03-26 21:05:54,Good Morning,0.76,Sad,Good morning... take care.
2026-03-26 21:13:30,Hello,0.91,Sad,Hello... are you feeling okay?
2026-03-26 21:13:36,Hello,0.91,Happy,Hello 😊 Nice to see you!
2026-03-26 21:13:45,Yes,0.64,Happy,Yes
2026-03-26 21:13:48,Yes,0.74,Sad,Yes
2026-03-26 21:13:53,No,0.9,Happy,No
2026-03-26 21:13:55,No,0.89,Happy,No
2026-03-26 21:13:58,No,0.93,Sad,No
2026-03-26 21:14:00,Good Night,0.69,Sad,Good Night
2026-03-26 21:14:03,No,0.72,Sad,No
2026-03-26 21:14:05,No,0.92,Sad,No
2026-03-26 21:14:22,I Love You,0.65,Happy,I love you ❤️
2026-03-26 21:14:24,I Love You,0.9,Happy,I love you ❤️
2026-03-26 21:14:29,I Love You,0.87,Sad,I love you... stay strong.
2026-03-26 21:14:50,Please,0.6,Happy,Please
2026-03-26 21:14:52,Please,0.64,Happy,Please
2026-03-26 21:14:55,Please,0.62,Happy,Please
2026-03-26 21:14:58,Please,0.85,Neutral,Please
2026-03-26 21:15:00,Please,0.85,Happy,Please
2026-03-26 21:15:02,Please,0.7,Happy,Please
2026-03-26 21:15:05,Please,0.71,Happy,Please
2026-03-26 21:15:07,Please,0.8,Happy,Please
2026-03-26 21:15:09,Please,0.91,Happy,Please
2026-03-26 21:15:11,Please,0.85,Sad,Please
2026-03-26 21:15:12,Please,0.84,Sad,Please
2026-03-26 21:15:14,Please,0.78,Sad,Please
2026-03-26 21:15:20,Sorry,0.75,Sad,I'm really sorry...
2026-03-26 21:15:24,Sorry,0.9,Sad,I'm really sorry...
2026-03-26 21:15:29,Sorry,0.82,Happy,Sorry 😊 it's okay!
2026-03-26 21:15:32,Sorry,0.92,Happy,Sorry 😊 it's okay!
2026-03-26 21:15:35,Sorry,0.87,Happy,Sorry 😊 it's okay!
2026-03-26 21:15:57,Good Morning,0.93,Happy,Good morning 😊 have a great day!
2026-03-26 21:16:04,Good Morning,0.64,Sad,Good morning... take care.
2026-03-26 21:16:07,Good Morning,0.71,Sad,Good morning... take care.
2026-03-26 21:16:13,Good Night,0.85,Sad,Good Night
2026-03-26 21:16:23,Good Night,0.91,Happy,Good Night
2026-03-26 21:16:25,Good Night,0.9,Sad,Good Night
2026-03-26 21:16:27,Good Night,0.9,Sad,Good Night
2026-03-26 21:16:32,Good Night,0.85,Sad,Good Night
2026-03-26 21:16:35,Good Night,0.88,Sad,Good Night
2026-03-26 21:16:38,Good Night,0.87,Happy,Good Night
2026-03-26 21:16:40,Good Night,0.9,Happy,Good Night
2026-03-26 21:16:42,Good Night,0.9,Happy,Good Night
2026-03-26 21:16:43,Good Night,0.83,Sad,Good Night
2026-03-26 21:16:56,Thank You,0.94,Happy,Thank you so much 😊
2026-03-26 21:16:59,Thank You,0.83,Happy,Thank you so much 😊
2026-03-26 21:17:03,Thank You,0.76,Sad,Thanks... I appreciate it.
2026-03-26 21:17:10,Welcome,0.82,Happy,Welcome
2026-03-26 21:17:11,Welcome,0.82,Happy,Welcome
2026-03-26 21:17:17,Welcome,0.87,Sad,Welcome
2026-03-26 21:17:19,Welcome,0.77,Sad,Welcome
2026-03-26 21:17:36,Help,0.94,Sad,Let me help you...
2026-03-26 21:17:39,Help,0.98,Sad,Let me help you...
2026-03-26 21:17:43,Help,0.89,Happy,I'm here to help 😊
2026-03-26 21:17:46,Help,0.74,Happy,I'm here to help 😊
2026-03-26 21:17:57,Yes,0.6,Sad,Yes
2026-03-26 21:17:59,Yes,0.82,Neutral,Yes
2026-03-26 21:18:01,Yes,0.79,Neutral,Yes
2026-03-26 21:18:03,Yes,0.77,Sad,Yes
2026-03-26 21:18:10,Good,0.63,Sad,It's okay...
2026-03-26 21:18:13,Good,0.63,Sad,It's okay...
2026-03-26 21:18:15,Good,0.61,Sad,It's okay...
2026-03-26 21:18:17,Good,0.73,Sad,It's okay...
2026-03-26 21:18:19,Good,0.81,Sad,It's okay...
2026-03-26 21:33:16,Thank You,0.93,Sad,Thanks... I appreciate it.
2026-03-26 21:33:58,Thank You,0.9,Neutral,Thank you.
2026-03-26 21:34:01,Thank You,0.95,Neutral,Thank you.
2026-03-26 21:34:04,I Love You,0.87,Neutral,I love you.
2026-03-26 21:34:08,Yes,0.68,Neutral,Yes
2026-03-26 21:34:09,Yes,0.71,Neutral,Yes
2026-03-26 21:34:12,No,0.66,Neutral,No
2026-03-26 21:34:14,Bad,0.73,Neutral,Bad.
2026-03-26 21:34:18,Bad,0.86,Sad,That's bad...
2026-03-26 21:34:22,Bad,0.63,Neutral,Bad.
2026-03-26 21:34:23,Bad,0.71,Neutral,Bad.
2026-03-26 21:34:26,Good,0.75,Neutral,Good.
2026-03-26 21:34:28,Good,0.81,Neutral,Good.
2026-03-26 21:34:29,Good,0.83,Neutral,Good.
2026-03-26 21:34:32,Help,0.92,Sad,Let me help you...
2026-03-26 21:34:35,Help,0.94,Sad,Let me help you...
2026-03-26 21:34:42,Help,0.68,Neutral,I can help.
2026-03-26 21:34:43,Help,0.65,Neutral,I can help.
2026-03-26 21:34:52,Fine,0.9,Neutral,I'm fine.
2026-03-26 21:35:00,Fine,0.74,Neutral,I'm fine.
2026-03-26 21:41:01,Hello,0.93,Sad,Hello... are you feeling okay?
2026-03-26 21:41:08,Hello,0.89,Neutral,Hello.
2026-03-26 21:41:09,Help,0.83,Neutral,I can help.
2026-03-26 21:41:11,Hello,0.82,Neutral,Hello.
2026-03-26 21:41:13,Hello,0.75,Neutral,Hello.
2026-03-26 21:41:14,Hello,0.91,Happy,Hello 😊 Nice to see you!
2026-03-26 21:41:20,Good Morning,0.92,Sad,Good morning... take care.
2026-03-26 21:41:27,Good Morning,0.91,Happy,Good morning 😊 have a great day!
2026-03-26 21:41:38,Good Morning,0.92,Neutral,Good morning.
2026-03-26 21:41:40,Good Morning,0.93,Neutral,Good morning.
2026-03-26 21:41:46,Thank You,0.89,Neutral,Thank you.
2026-03-26 21:41:48,Thank You,0.9,Neutral,Thank you.
2026-03-26 21:41:51,Welcome,0.83,Sad,Welcome
2026-03-26 21:41:54,Welcome,0.62,Happy,Welcome
2026-03-26 21:41:55,Welcome,0.69,Happy,Welcome
2026-03-26 21:42:09,Good,0.6,Sad,It's okay...
2026-03-26 21:42:11,Good,0.66,Sad,It's okay...
2026-03-26 21:42:15,Good,0.89,Happy,That's good 😊
2026-03-26 21:42:18,Good,0.92,Happy,That's good 😊
2026-03-26 21:42:21,Bad,0.75,Sad,That's bad...
2026-03-26 21:42:23,Bad,0.8,Sad,That's bad...
2026-03-26 21:42:27,Bad,0.81,Happy,Oops 😅 that's not good
2026-03-26 21:42:33,Help,0.62,Sad,Let me help you...
2026-03-26 21:42:36,Help,0.97,Sad,Let me help you...
2026-03-26 21:42:38,Help,0.96,Sad,Let me help you...
2026-03-26 21:42:41,Help,0.96,Neutral,I can help.
2026-03-26 21:42:43,Help,0.96,Neutral,I can help.
2026-03-26 21:42:45,Help,0.95,Neutral,I can help.
2026-03-26 21:42:48,Help,0.91,Happy,I'm here to help 😊
2026-03-26 21:42:55,Fine,0.67,Sad,I'm fine...
2026-03-26 21:42:57,Fine,0.94,Sad,I'm fine...
2026-03-26 21:43:02,Fine,0.94,Sad,I'm fine...
2026-03-26 21:43:05,Fine,0.91,Neutral,I'm fine.
2026-03-26 21:43:07,Fine,0.89,Neutral,I'm fine.
2026-03-26 21:43:10,Fine,0.97,Happy,I'm doing great 😊
2026-03-26 21:43:50,I Love You,0.93,Neutral,I love you.
2026-03-26 21:43:54,Yes,0.64,Neutral,Yes
2026-03-26 21:43:56,Yes,0.82,Neutral,Yes
2026-03-26 21:43:58,No,0.76,Neutral,No
2026-03-26 21:43:59,No,0.84,Neutral,No
2026-03-26 21:44:05,Thank You,0.85,Sad,Thanks... I appreciate it.
2026-03-26 21:44:10,Welcome,0.86,Sad,Welcome
2026-03-26 21:44:13,Good Morning,0.62,Sad,Good morning... take care.
2026-03-26 21:57:11,Hello,0.0,Neutral,Hello.
2026-03-26 21:57:13,Thank You,0.0,Neutral,Thank you.
2026-03-26 21:57:15,Thank You,0.53,Neutral,Thank you.
2026-03-26 21:57:17,Thank You,0.76,Neutral,Thank you.
2026-03-26 21:57:19,Hello,0.0,Neutral,Hello.
2026-03-26 21:57:21,Hello,0.0,Sad,Hello... are you feeling okay?
2026-03-26 21:57:25,Hello,0.96,Sad,Hello... are you feeling okay?
2026-03-26 21:57:29,Thank You,0.0,Happy,Thank you so much 😊
2026-03-26 21:57:39,Hello,0.0,Neutral,Hello.
2026-03-26 21:57:40,Help,0.41,Neutral,I can help.
2026-03-26 21:57:42,Help,0.94,Neutral,I can help.
2026-03-26 21:57:44,Welcome,0.87,Neutral,Welcome
2026-03-26 21:57:46,Welcome,0.93,Neutral,Welcome
2026-03-26 21:57:47,I Love You,0.93,Neutral,I love you.
2026-03-26 21:57:50,Good Night,0.0,Neutral,Good Night
2026-03-26 21:57:52,Good,0.0,Neutral,Good.
2026-03-26 21:57:54,Good,0.88,Neutral,Good.
2026-03-26 21:57:55,Good,0.57,Neutral,Good.
2026-03-26 21:58:00,Welcome,0.35,Sad,Welcome
2026-03-26 21:58:02,Good Night,0.0,Sad,Good Night
2026-03-26 21:58:07,Good Night,0.0,Sad,Good Night
2026-03-26 21:58:09,Good Night,0.0,Sad,Good Night
2026-03-26 21:58:11,Good Night,0.0,Sad,Good Night
2026-03-26 21:58:13,Good Night,0.91,Sad,Good Night
2026-03-26 21:58:15,Good Night,0.91,Sad,Good Night
2026-03-26 21:58:17,Good Night,0.91,Sad,Good Night
2026-03-26 21:58:19,Good Night,0.91,Happy,Good Night
2026-03-26 21:58:20,Good Night,0.91,Happy,Good Night
2026-03-26 21:58:57,Welcome,0.0,Neutral,Welcome
2026-03-26 21:58:59,Help,0.0,Neutral,I can help.
2026-03-26 21:59:01,Help,0.94,Neutral,I can help.
2026-03-26 21:59:03,Help,0.96,Neutral,I can help.
2026-03-26 21:59:05,Help,0.96,Neutral,I can help.
2026-03-26 21:59:06,Help,0.96,Neutral,I can help.
2026-03-26 21:59:08,Help,0.93,Happy,I'm here to help 😊
2026-03-26 21:59:11,Help,0.96,Happy,I'm here to help 😊
2026-03-26 21:59:14,Help,0.95,Sad,Let me help you...
2026-03-26 21:59:16,Help,0.95,Sad,Let me help you...
2026-03-26 21:59:23,Bad,0.0,Sad,That's bad...
2026-03-26 21:59:25,Bad,0.0,Sad,That's bad...
2026-03-26 21:59:27,Bad,0.67,Sad,That's bad...
2026-03-26 21:59:29,Bad,0.81,Sad,That's bad...
2026-03-26 21:59:32,Bad,0.89,Sad,That's bad...
2026-03-26 21:59:34,Bad,0.91,Happy,Oops 😅 that's not good
2026-03-26 21:59:38,Bad,0.9,Happy,Oops 😅 that's not good
2026-03-26 21:59:46,Good,0.0,Happy,That's good 😊
2026-03-26 21:59:48,Good,0.0,Happy,That's good 😊
2026-03-26 21:59:51,Good,0.94,Happy,That's good 😊
2026-03-26 22:00:02,Good Night,0.0,Happy,Good Night
2026-03-26 22:00:04,Stop,0.0,Happy,Stop 😊 that's enough!
2026-03-26 22:00:07,Stop,0.93,Happy,Stop 😊 that's enough!
2026-03-26 22:00:10,Stop,0.93,Happy,Stop 😊 that's enough!
2026-03-26 22:00:16,Good Night,0.0,Happy,Good Night
2026-03-26 22:00:25,Good Night,0.0,Neutral,Good Night
2026-03-26 22:00:27,Stop,0.0,Neutral,Stop.
2026-03-26 22:00:29,Stop,0.91,Neutral,Stop.
2026-03-26 22:00:32,Good,0.0,Sad,It's okay...
2026-03-26 22:00:35,Stop,0.0,Sad,Please stop...
2026-03-26 22:00:37,Stop,0.86,Sad,Please stop...
2026-03-26 22:00:40,Stop,0.0,Neutral,Stop.
2026-03-26 22:15:47,Welcome,0.0,Sad,Welcome
2026-03-26 22:15:49,Good Morning,0.28,Sad,Good morning... take care.
2026-03-26 22:15:53,Good Morning,0.3,Sad,Good morning... take care.
2026-03-26 22:16:03,Stop,0.0,Sad,Please stop...
2026-03-26 22:16:06,Hello,0.0,Sad,Hello... are you feeling okay?
2026-03-26 22:16:14,Good Night,0.0,Sad,Good Night
2026-03-26 22:16:21,I Love You,0.24,Sad,I love you... stay strong.
2026-03-26 22:16:25,Hello,0.0,Sad,Hello... are you feeling okay?
2026-03-26 22:16:29,Hello,0.94,Sad,Hello... are you feeling okay?
2026-03-26 22:16:33,I Love You,0.86,Sad,I love you... stay strong.
2026-03-26 22:16:56,Hello,0.96,Happy,Hello 😊 Nice to see you!
2026-03-26 22:17:13,Hello,0.96,Neutral,Hello.
2026-03-26 22:17:15,Hello,0.96,Neutral,Hello.
2026-03-26 22:17:21,Hello,0.93,Sad,Hello... are you feeling okay?
2026-03-26 22:17:33,Yes,0.81,Happy,Yes
2026-03-26 22:17:34,Yes,0.81,Happy,Yes
2026-03-26 22:17:36,Yes,0.76,Sad,Yes
2026-03-26 22:17:40,Yes,0.8,Sad,Yes
2026-03-26 22:17:48,Yes,0.79,Happy,Yes
2026-03-26 22:17:50,Yes,0.79,Happy,Yes
2026-03-26 22:17:51,Yes,0.78,Happy,Yes
2026-03-26 22:18:04,No,0.92,Neutral,No
2026-03-26 22:18:05,No,0.92,Neutral,No
2026-03-26 22:18:06,No,0.92,Neutral,No
2026-03-26 22:18:09,No,0.91,Happy,No
2026-03-26 22:18:10,No,0.91,Happy,No
2026-03-26 22:18:12,No,0.91,Happy,No
2026-03-26 22:18:13,No,0.9,Sad,No
2026-03-26 22:18:15,No,0.9,Sad,No
2026-03-26 22:18:25,I Love You,0.0,Sad,I love you... stay strong.
2026-03-26 22:18:33,I Love You,0.93,Happy,I love you ❤️
2026-03-26 22:18:36,I Love You,0.93,Happy,I love you ❤️
2026-03-26 22:18:39,I Love You,0.93,Sad,I love you... stay strong.
2026-03-26 22:18:45,I Love You,0.92,Sad,I love you... stay strong.
2026-03-26 22:18:53,I Love You,0.93,Happy,I love you ❤️
2026-03-26 22:18:55,I Love You,0.93,Happy,I love you ❤️
2026-03-26 22:19:06,I Love You,0.89,Neutral,I love you.
2026-03-26 22:19:08,I Love You,0.89,Neutral,I love you.
2026-03-26 22:19:17,Please,0.83,Sad,Please
2026-03-26 22:19:18,Please,0.79,Sad,Please
2026-03-26 22:19:22,Please,0.75,Happy,Please
2026-03-26 22:19:24,Please,0.77,Happy,Please
2026-03-26 22:19:28,Please,0.7,Happy,Please
2026-03-26 22:19:30,Please,0.7,Happy,Please
2026-03-26 22:19:31,Please,0.78,Happy,Please
2026-03-26 22:19:41,Please,0.72,Neutral,Please
2026-03-26 22:19:43,Please,0.62,Neutral,Please
2026-03-26 22:19:53,Sorry,0.93,Sad,I'm really sorry...
2026-03-26 22:19:55,Sorry,0.92,Sad,I'm really sorry...
2026-03-26 22:20:01,Sorry,0.94,Happy,Sorry 😊 it's okay!
2026-03-26 22:20:13,Sorry,0.88,Sad,I'm really sorry...
2026-03-26 22:20:15,Sorry,0.88,Sad,I'm really sorry...
2026-03-26 22:20:22,Sorry,0.9,Neutral,Sorry.
2026-03-26 22:20:24,Sorry,0.9,Neutral,Sorry.
2026-03-26 22:20:41,Thank You,0.95,Sad,Thanks... I appreciate it.
2026-03-26 22:20:59,Thank You,0.91,Happy,Thank you so much 😊
2026-03-26 22:21:29,Thank You,0.93,Neutral,Thank you.
2026-03-26 22:21:31,Thank You,0.93,Neutral,Thank you.
2026-03-26 22:21:44,Good Morning,0.95,Sad,Good morning... take care.
2026-03-26 22:21:47,Good Morning,0.95,Sad,Good morning... take care.
2026-03-26 22:21:52,Good Morning,0.93,Neutral,Good morning.
2026-03-26 22:21:54,Good Morning,0.94,Neutral,Good morning.
2026-03-26 22:21:56,Good Morning,0.93,Neutral,Good morning.
2026-03-26 22:21:58,Good Morning,0.94,Happy,Good morning 😊 have a great day!
2026-03-26 22:22:09,Fine,0.96,Sad,I'm fine...
2026-03-26 22:22:13,Fine,0.95,Happy,I'm doing great 😊
